personId,professionId
nm0290358,20
nm0722000,20
nm0548943,20
nm0539794,20
nm0503594,20
nm0579673,20
nm0809059,20
nm5701899,20
nm0821205,20
nm0774817,20
nm0477158,20
nm0233827,20
nm0119322,20
nm0156816,20
nm0259689,20
nm0374189,20
nm0338513,20
nm0004637,20
nm0786707,20
nm0866462,20
nm0484981,20
nm0660031,20
nm0742475,20
nm0151434,20
nm0123785,20
nm0630119,20
nm0881279,20
nm0711235,20
nm0772834,20
nm0386246,20
nm0367431,20
nm0069483,20
nm0402950,20
nm0602885,20
nm0768817,20
nm0755868,20
nm0898288,20
nm0246404,20
nm0634530,20
nm0080289,20
nm0325549,20
nm0117779,20
nm0773685,20
nm0269751,20
nm0124833,20
nm0522487,20
nm0541721,20
nm0461772,20
nm0266239,20
nm0033490,20
nm0000180,20
nm2111404,20
nm1154184,20
nm0244891,20
nm2243405,20
nm0003433,20
nm0817929,20
nm0548929,20
nm0572492,20
nm0836328,20
nm0346537,20
nm0357310,20
nm0270458,20
nm0672459,20
nm0185088,20
nm0368359,20
nm0415663,20
nm0642714,20
nm0753276,20
nm1167933,20
nm0801184,20
nm0339856,20
nm0325358,20
nm0369879,20
nm0702036,20
nm0136057,20
nm0936404,20
nm0353091,20
nm0357421,20
nm0493339,20
nm0310797,20
nm0521554,20
nm0386227,20
nm0177504,20
nm0906307,20
nm0741013,20
nm0669311,20
nm0010471,20
nm0950391,20
nm0800943,20
nm0829054,20
nm0614107,20
nm0398167,20
nm0175722,20
nm0000814,20
nm0606211,20
nm0001030,20
nm0380670,20
nm0236405,20
nm0556067,20
nm0398343,20
nm0290358,4
nm0722000,4
nm0548943,4
nm0539794,4
nm0503594,4
nm0809059,4
nm5701899,4
nm0823330,4
nm0821205,4
nm0774817,4
nm0477158,4
nm0119322,4
nm0156816,4
nm0338513,4
nm0004637,4
nm0786707,4
nm0866462,4
nm0484981,4
nm0122079,4
nm0742475,4
nm0881279,4
nm0711235,4
nm0772834,4
nm0367431,4
nm0402950,4
nm0602885,4
nm0768817,4
nm0755868,4
nm0634530,4
nm0080289,4
nm0325549,4
nm0117779,4
nm0773685,4
nm0124833,4
nm0522487,4
nm0541721,4
nm0461772,4
nm0033490,4
nm1154184,4
nm0244891,4
nm0270458,4
nm0185088,4
nm0368359,4
nm0642714,4
nm0206154,4
nm0801184,4
nm0339856,4
nm0325358,4
nm0369879,4
nm0136057,4
nm0357421,4
nm0493339,4
nm0310797,4
nm0521554,4
nm0177504,4
nm0669311,4
nm0010471,4
nm0950391,4
nm0800943,4
nm0829054,4
nm0175722,4
nm0380670,4
nm0556067,4
nm0398343,4
nm0290358,23
nm0579673,23
nm0809059,23
nm0001897,23
nm0233827,23
nm0259689,23
nm0374189,23
nm0004637,23
nm0866462,23
nm0005852,23
nm0951763,23
nm0123785,23
nm0630119,23
nm0124833,23
nm0923118,23
nm0218760,23
nm0244891,23
nm3918035,23
nm0598971,23
nm0368359,23
nm0260556,23
nm0415663,23
nm0214303,23
nm0353091,23
nm0357421,23
nm0310797,23
nm0386227,23
nm1244349,23
nm0614107,23
nm0000209,25
nm0000151,25
nm0348409,25
nm0006669,25
nm0000175,25
nm0000008,25
nm0000199,25
nm0001001,25
nm0000553,25
nm0000146,25
nm0001426,25
nm0447745,25
nm0000134,25
nm0000380,25
nm0000020,25
nm0002011,25
nm0000842,25
nm0275835,25
nm0000288,25
nm0005132,25
nm0001173,25
nm0000323,25
nm0000704,25
nm0001557,25
nm0005212,25
nm0089217,25
nm8662749,25
nm0913300,25
nm0000237,25
nm0000168,25
nm0000246,25
nm0000233,25
nm0004744,25
nm0801728,25
nm0000093,25
nm0001570,25
nm0001533,25
nm0340260,25
nm0000399,25
nm0657333,25
nm0880243,25
nm0000142,25
nm0908919,25
nm0001812,25
nm0321294,25
nm0898812,25
nm0408488,25
nm0000293,25
nm0000138,25
nm0330687,25
nm0680983,25
nm0913822,25
nm1421814,25
nm8904193,25
nm0005494,25
nm0000158,25
nm0000641,25
nm0343165,25
nm0564768,25
nm0000434,25
nm0000148,25
nm0001850,25
nm0449984,25
nm0000206,25
nm0000401,25
nm0915989,25
nm0005428,25
nm0000140,25
nm0000197,25
nm0077720,25
nm0110480,25
nm0001232,25
nm0369142,25
nm0450181,25
nm0000501,25
nm0000582,25
nm0000217,25
nm0000841,25
nm0005686,25
nm0000905,25
nm0134493,25
nm0243842,25
nm0148437,25
nm1179105,25
nm1129884,25
nm0618690,25
nm1249574,25
nm0513130,25
nm0000071,25
nm0000859,25
nm0593775,25
nm0352443,25
nm0882588,25
nm0000164,25
nm0095029,25
nm0768324,25
nm0000216,25
nm0000411,25
nm0001598,25
nm0936537,25
nm0000354,25
nm0001744,25
nm0122653,25
nm0330428,25
nm0619938,25
nm0410968,25
nm0848533,25
nm0000228,25
nm0001825,25
nm0465745,25
nm0451787,25
nm0000027,25
nm0003817,25
nm0001556,25
nm0997115,25
nm0000190,25
nm0001536,25
nm0793766,25
nm0554204,25
nm0000150,25
nm0000502,25
nm0000417,25
nm0000007,25
nm0002134,25
nm0001647,25
nm0002031,25
nm0462321,25
nm0004778,25
nm0470981,25
nm0277975,25
nm0000591,25
nm0367838,25
nm0071452,25
nm0764963,25
nm0851302,25
nm0636435,25
nm0000314,25
nm0001673,25
nm0006872,25
nm1886602,25
nm0799777,25
nm0001663,25
nm0484123,25
nm0000128,25
nm0001618,25
nm0001657,25
nm0000578,25
nm0001260,25
nm0000321,25
nm0001590,25
nm0000286,25
nm0001741,25
nm0000242,25
nm0538320,25
nm0159039,25
nm0000111,25
nm0000460,25
nm0000469,25
nm1133525,25
nm0167388,25
nm1082477,25
nm0000640,25
nm0002078,25
nm0000643,25
nm0000457,25
nm0639321,25
nm0318429,25
nm0000606,25
nm0000198,25
nm0000732,25
nm0000122,25
nm0616729,25
nm0139714,25
nm0188357,25
nm0005906,25
nm0305087,25
nm0074788,25
nm0761866,25
nm0005806,25
nm0174682,25
nm0003424,25
nm0090008,25
nm0179819,25
nm0814280,25
nm1310525,25
nm6079248,25
nm0634159,25
nm0134073,25
nm0868153,25
nm0413168,25
nm0000154,25
nm0001526,25
nm0005171,25
nm0202704,25
nm0001638,25
nm0344963,25
nm0921044,25
nm0071059,25
nm0118164,25
nm0515950,25
nm0001079,25
nm0293550,25
nm0722636,25
nm0000719,25
nm0001371,25
nm0234541,25
nm0537004,25
nm0000299,25
nm0755403,25
nm0307531,25
nm0929609,25
nm0004056,25
nm9862858,25
nm9862860,25
nm2759610,25
nm0177896,25
nm1126340,25
nm6954008,25
nm4271336,25
nm2159926,25
nm0991810,25
nm0000375,25
nm0262635,25
nm0749263,25
nm1165110,25
nm0751648,25
nm1321655,25
nm1321656,25
nm0498278,25
nm0642988,25
nm0306786,25
nm0199787,25
nm0317970,25
nm5645519,25
nm0305558,25
nm0000973,25
nm0017690,25
nm0004937,25
nm0910607,25
nm0362766,25
nm0000034,25
nm0002233,25
nm0451148,25
nm0534856,25
nm0430785,25
nm0158856,25
nm0949167,25
nm1366028,25
nm0000018,25
nm0576127,25
nm0579663,25
nm0534317,25
nm0860292,25
nm0000634,25
nm0001715,25
nm0001330,25
nm0943978,25
nm0816143,25
nm0618057,25
nm0462407,25
nm0876300,25
nm0073875,25
nm0001602,25
nm0001592,25
nm0095478,25
nm0540338,25
nm0000061,25
nm0001452,25
nm0470385,25
nm0490708,25
nm0046575,25
nm0459552,25
nm0945897,25
nm0169505,25
nm0000741,25
nm0725543,25
nm0001815,25
nm0710020,25
nm0000546,25
nm0000388,25
nm0000352,25
nm0000284,25
nm0592135,25
nm1502434,25
nm0508732,25
nm0001467,25
nm0005541,25
nm0782968,25
nm0000120,25
nm0929489,25
nm0004423,25
nm1410028,25
nm0106835,25
nm0326512,25
nm0000172,25
nm0000619,25
nm0000514,25
nm0001606,25
nm0744834,25
nm0586568,25
nm0488917,25
nm5039026,25
nm0899121,25
nm0250813,25
nm0559444,25
nm0001082,25
nm0000885,25
nm0000245,25
nm0000255,25
nm0001745,25
nm1818216,25
nm1486911,25
nm0435534,25
nm0000129,25
nm0000174,25
nm0309945,25
nm1323233,25
nm1416431,25
nm0246404,25
nm0004747,25
nm0169260,25
nm0423134,25
nm0000799,25
nm2973712,25
nm0001652,25
nm0001626,25
nm0677037,25
nm0565336,25
nm0729304,25
nm2594301,25
nm2540053,25
nm3222518,25
nm1244760,25
nm0000685,25
nm0005883,25
nm0440913,25
nm0749363,25
nm0491011,25
nm0088471,25
nm0001067,25
nm0588033,25
nm0042317,25
nm0080930,25
nm0000060,25
nm0576345,25
nm0653942,25
nm0612322,25
nm0285210,25
nm0000037,25
nm0640307,25
nm0337582,25
nm0000026,25
nm0000051,25
nm0437520,25
nm0385443,25
nm0848984,25
nm0000532,25
nm0535861,25
nm0060988,25
nm0165049,25
nm0375738,25
nm0001158,25
nm0516972,25
nm0843213,25
nm0725220,25
nm0002009,25
nm0005910,25
nm0536009,25
nm0821543,25
nm0001120,25
nm0534045,25
nm0000064,25
nm0056477,25
nm0151452,25
nm0000493,25
nm0001827,25
nm0106840,25
nm0000874,25
nm0372942,25
nm0000080,25
nm0001072,25
nm0542534,25
nm0002144,25
nm0000075,25
nm0000044,25
nm0001847,25
nm0001050,25
nm0000048,25
nm0921532,25
nm0005922,25
nm0000249,25
nm0001852,25
nm0000564,25
nm0000063,25
nm0370144,25
nm0004122,25
nm0002154,25
nm0297054,25
nm0459030,25
nm0000056,25
nm0000602,25
nm0001727,25
nm0001164,25
nm0001351,25
nm0082300,25
nm0680635,25
nm0001291,25
nm0001653,25
nm0290581,25
nm0530365,25
nm0454120,25
nm0309107,25
nm0594271,25
nm0218760,25
nm0000348,25
nm0706368,25
nm0858329,25
nm0000438,25
nm0000165,25
nm0004976,25
nm0001016,25
nm0753526,25
nm0000983,25
nm1071252,25
nm0000353,25
nm0721675,25
nm0000358,25
nm0200452,25
nm0001354,25
nm2872491,25
nm0339351,25
nm0867391,25
nm0005458,25
nm0334318,25
nm0005068,25
nm0362165,25
nm0052333,25
nm0052343,25
nm0004486,25
nm0559890,25
nm0386570,25
nm0251536,25
nm1002038,25
nm0476334,25
nm2020015,25
nm0000560,25
nm0249291,25
nm3294574,25
nm0233561,25
nm1724319,25
nm0885014,25
nm0192942,25
nm0121724,25
nm0798564,25
nm0075551,25
nm0776914,25
nm0773138,25
nm0005403,25
nm0766005,25
nm2700235,25
nm2082813,25
nm0273832,25
nm0000022,25
nm0939992,25
nm0000912,25
nm0821041,25
nm0107795,25
nm0523932,25
nm0501872,25
nm0404158,25
nm0392529,25
nm0071636,25
nm0001379,25
nm0871252,25
nm0001695,25
nm0201857,25
nm0706567,25
nm0002728,25
nm0605270,25
nm0000169,25
nm0000849,25
nm0000982,25
nm0000437,25
nm0565092,25
nm1212331,25
nm0005219,25
nm4043618,25
nm1212722,25
nm8188622,25
nm1745190,25
nm0714698,25
nm0821432,25
nm0412588,25
nm0661406,25
nm0309693,25
nm1725469,25
nm0136260,25
nm0515201,25
nm0000537,25
nm0001258,25
nm0000277,25
nm0598971,25
nm0889024,25
nm0886870,25
nm0525793,25
nm0005901,25
nm0753479,25
nm0945522,25
nm0945499,25
nm0001537,25
nm0191950,25
nm0002369,25
nm1706767,25
nm1010540,25
nm0067789,25
nm2835616,25
nm1126657,25
nm0990547,25
nm0000147,25
nm0005714,25
nm0005286,25
nm0255278,25
nm0586969,25
nm0797889,25
nm0855417,25
nm0628704,25
nm0753480,25
nm0000614,25
nm0001817,25
nm0861636,25
nm0330379,25
nm0000125,25
nm0001186,25
nm0000621,25
nm0000979,25
nm0202966,25
nm0557956,25
nm0484111,25
nm0000432,25
nm0001321,25
nm0120317,25
nm0000554,25
nm0000156,25
nm0000024,25
nm0212246,25
nm0075015,25
nm0152469,25
nm0001037,25
nm0000092,25
nm0001385,25
nm0000416,25
nm0001402,25
nm0001589,25
nm0286926,25
nm0925214,25
nm0613364,25
nm0813272,25
nm0125730,25
nm1276196,25
nm0559452,25
nm0619870,25
nm0268488,25
nm0006498,25
nm0520164,25
nm0001801,25
nm0263172,25
nm0002166,25
nm0504380,25
nm0000036,25
nm0444172,25
nm0175068,25
nm0369841,25
nm0223964,25
nm0002231,25
nm0001187,25
nm0271026,25
nm0000988,25
nm0000136,25
nm0001691,25
nm0837386,25
nm0000474,25
nm0000630,25
nm0000439,25
nm1940449,25
nm0941777,25
nm3478396,25
nm0770938,25
nm2919995,25
nm0352778,25
nm0085400,25
nm2155757,25
nm0252230,25
nm0931324,25
nm1055413,25
nm0117709,25
nm0604948,25
nm1256532,25
nm0125336,25
nm1858656,25
nm0000763,25
nm0545298,25
nm0943758,25
nm0437969,25
nm0326418,25
nm0085038,25
nm0000005,25
nm0005815,25
nm0389580,25
nm0000059,25
nm0000442,25
nm0001579,25
nm0266684,25
nm0547349,25
nm0001065,25
nm0004874,25
nm0400954,25
nm0853238,25
nm0337676,25
nm0350453,25
nm0396558,25
nm0490147,25
nm0023832,25
nm2450453,25
nm2262509,25
nm0334882,25
nm0823435,25
nm0021948,25
nm0801184,25
nm0001017,25
nm0335788,25
nm0000406,25
nm0005377,25
nm2655177,25
nm0194446,25
nm1027682,25
nm0841501,25
nm0615306,25
nm0906618,25
nm1033900,25
nm0000345,25
nm0000422,25
nm0000114,25
nm0682066,25
nm0147070,25
nm0267650,25
nm0807667,25
nm0809548,25
nm0934902,25
nm0847054,25
nm0411790,25
nm0858977,25
nm0175369,25
nm0439850,25
nm0907900,25
nm0000494,25
nm0000160,25
nm0001038,25
nm0248408,25
nm0346270,25
nm0006509,25
nm0370821,25
nm0512231,25
nm0036427,25
nm0604656,25
nm0001961,25
nm0481618,25
nm0503777,25
nm0861703,25
nm1978402,25
nm2437361,25
nm1367410,25
nm0918083,25
nm0001772,25
nm2933542,25
nm5016878,25
nm0108703,25
nm0002145,25
nm0001294,25
nm0000592,25
nm2535022,25
nm0174840,25
nm0552731,25
nm0898634,25
nm0483766,25
nm0678014,25
nm0059431,25
nm0742347,25
nm0641939,25
nm0473228,25
nm0001884,25
nm0087861,25
nm0005845,25
nm0521554,25
nm0000513,25
nm0001780,25
nm0000191,25
nm0001971,25
nm0001538,25
nm0571727,25
nm0000965,25
nm0920543,25
nm0388076,25
nm0531602,25
nm0370564,25
nm0000313,25
nm0252345,25
nm0691555,25
nm0803705,25
nm0741013,25
nm0001500,25
nm0001768,25
nm0000332,25
nm1796730,25
nm0004951,25
nm0738918,25
nm0652663,25
nm0000453,25
nm0135296,25
nm0229943,25
nm0529543,25
nm0753716,25
nm0213948,25
nm0176036,25
nm0000696,25
nm0000203,25
nm0000397,25
nm0005278,25
nm0001661,25
nm0317279,25
nm0000032,25
nm0000963,25
nm0000683,25
nm1235292,25
nm1323287,25
nm1138201,25
nm1646563,25
nm0001702,25
nm0000377,25
nm0001940,25
nm0331956,25
nm0386472,25
nm0000681,25
nm0000576,25
nm0747941,25
nm0000221,25
nm0000297,25
nm0705356,25
nm0342488,25
nm0002091,25
nm0382268,25
nm1104057,25
nm0124930,25
nm2395586,25
nm0272401,25
nm0761498,25
nm0001993,25
nm0468003,25
nm0846548,25
nm0315760,25
nm0744384,25
nm1125169,25
nm0044545,25
nm0000450,25
nm0051509,25
nm0402032,25
nm2756662,25
nm0614107,25
nm0002076,25
nm0002077,25
nm0602941,25
nm0000230,25
nm0949350,25
nm0001835,25
nm0702541,25
nm0000152,25
nm0846480,25
nm2124742,25
nm0002075,25
nm0154665,25
nm0492747,25
nm0000686,25
nm0007646,25
nm0352835,25
nm0552483,25
nm0754272,25
nm0309800,25
nm0001030,25
nm0001698,25
nm0714793,25
nm3057402,25
nm1542291,25
nm1010405,25
nm0314088,25
nm0247762,25
nm0001421,25
nm0001510,25
nm0134201,25
nm0668914,25
nm0000195,25
nm0254402,25
nm0864997,25
nm0000601,25
nm0748035,25
nm0005266,25
nm0005134,25
nm0907869,25
nm0000126,25
nm0001295,25
nm0002110,25
nm0933604,25
nm0918334,25
nm0293455,25
nm0000209,28
nm0000151,28
nm0006669,28
nm0001104,28
nm0000175,28
nm0555550,28
nm0722000,28
nm0000199,28
nm0000473,28
nm0000338,28
nm0748665,28
nm0000553,28
nm0000146,28
nm0001426,28
nm0328751,28
nm0000229,28
nm0001873,28
nm0527322,28
nm0596520,28
nm0548943,28
nm0000134,28
nm0000380,28
nm0000020,28
nm0001486,28
nm0741627,28
nm0746273,28
nm0000288,28
nm0001173,28
nm0000323,28
nm0634240,28
nm0634300,28
nm0275286,28
nm0650038,28
nm0651614,28
nm0000704,28
nm0001557,28
nm0089217,28
nm0001392,28
nm0909638,28
nm0101991,28
nm8662749,28
nm0000237,28
nm0000235,28
nm0000168,28
nm0000246,28
nm0000233,28
nm0000812,28
nm0004744,28
nm0579673,28
nm0513165,28
nm0000093,28
nm0001570,28
nm0000399,28
nm0657333,28
nm0880243,28
nm0068501,28
nm0149556,28
nm0000142,28
nm0908919,28
nm0898812,28
nm0342090,28
nm0761744,28
nm0000293,28
nm0000138,28
nm0330687,28
nm0680983,28
nm0913822,28
nm0858799,28
nm1421814,28
nm0005494,28
nm0000158,28
nm0000705,28
nm0000641,28
nm0000398,28
nm0000709,28
nm0744839,28
nm0277704,28
nm0823330,28
nm0564768,28
nm0000434,28
nm0000148,28
nm0001410,28
nm0000184,28
nm0476030,28
nm0821205,28
nm0000206,28
nm0000401,28
nm0005251,28
nm0915989,28
nm0905154,28
nm0905152,28
nm0005428,28
nm0000140,28
nm0000197,28
nm0077720,28
nm0325743,28
nm0913670,28
nm0774817,28
nm0000501,28
nm0000966,28
nm0000217,28
nm0683380,28
nm0005563,28
nm0477158,28
nm0000971,28
nm0105346,28
nm0274754,28
nm0708723,28
nm0576987,28
nm1130251,28
nm0053070,28
nm0001008,28
nm0882588,28
nm0000149,28
nm0501435,28
nm0001129,28
nm0848217,28
nm0102508,28
nm0768324,28
nm0233827,28
nm0000216,28
nm0000411,28
nm0001598,28
nm0000116,28
nm0000354,28
nm0001744,28
nm0122653,28
nm0734441,28
nm0117290,28
nm0330428,28
nm0506013,28
nm0848533,28
nm0368074,28
nm0396106,28
nm0000228,28
nm0138287,28
nm0465745,28
nm0003817,28
nm0001556,28
nm0001372,28
nm0883603,28
nm0005124,28
nm0840699,28
nm0000190,28
nm0004266,28
nm1567113,28
nm0643553,28
nm0001536,28
nm0609404,28
nm0000350,28
nm0000497,28
nm0443411,28
nm0571346,28
nm0554204,28
nm0000150,28
nm0000502,28
nm0000670,28
nm0000417,28
nm0301826,28
nm0134635,28
nm0000007,28
nm0000006,28
nm0002134,28
nm0258493,28
nm0258525,28
nm0462321,28
nm0004778,28
nm0288976,28
nm0367838,28
nm0071452,28
nm0764963,28
nm0361701,28
nm0000783,28
nm0000934,28
nm0607694,28
nm3225654,28
nm1886602,28
nm0001663,28
nm3227090,28
nm0089658,28
nm2615685,28
nm0484123,28
nm1490949,28
nm0926824,28
nm0001618,28
nm0001567,28
nm0000631,28
nm0291905,28
nm0517589,28
nm0629933,28
nm0001463,28
nm0000033,28
nm0825010,28
nm0191896,28
nm0000321,28
nm0001590,28
nm0000286,28
nm0001741,28
nm0003160,28
nm0568120,28
nm0653211,28
nm0454752,28
nm0000242,28
nm1184258,28
nm0340522,28
nm0000460,28
nm0000155,28
nm0591450,28
nm0731271,28
nm0941314,28
nm1133525,28
nm1082477,28
nm0619923,28
nm0865918,28
nm1457753,28
nm1552771,28
nm0000640,28
nm0587518,28
nm0380282,28
nm0041447,28
nm0001353,28
nm0000244,28
nm0000643,28
nm0795953,28
nm0140826,28
nm0318429,28
nm0000198,28
nm0000204,28
nm0000732,28
nm0000108,28
nm0484981,28
nm0002104,28
nm0000038,28
nm0371088,28
nm0094435,28
nm10113618,28
nm11306825,28
nm0188053,28
nm0738603,28
nm0413168,28
nm0424060,28
nm0753083,28
nm0000154,28
nm0001526,28
nm0908824,28
nm0202704,28
nm0480440,28
nm0001799,28
nm0001638,28
nm0000583,28
nm0007156,28
nm0737582,28
nm0001167,28
nm0000040,28
nm0722636,28
nm0442241,28
nm0550881,28
nm0001371,28
nm0951763,28
nm0005036,28
nm0000299,28
nm0849083,28
nm0452878,28
nm0307531,28
nm0004056,28
nm0230032,28
nm0606640,28
nm4752699,28
nm0177896,28
nm5939164,28
nm0680846,28
nm0798788,28
nm8823532,28
nm5147232,28
nm3356206,28
nm2929057,28
nm0588087,28
nm2159926,28
nm2794962,28
nm0991810,28
nm2130108,28
nm0709056,28
nm0745247,28
nm0520488,28
nm0032696,28
nm0000375,28
nm0262635,28
nm0749263,28
nm1165110,28
nm0751577,28
nm0751648,28
nm1321655,28
nm1321656,28
nm0498278,28
nm0305558,28
nm0000973,28
nm0005513,28
nm0017690,28
nm0026565,28
nm0711235,28
nm0004937,28
nm0910607,28
nm0913488,28
nm0399737,28
nm0767894,28
nm0792049,28
nm0362766,28
nm0772834,28
nm0841797,28
nm0000697,28
nm0102818,28
nm0451148,28
nm0534856,28
nm1587175,28
nm0386246,28
nm0006765,28
nm2746459,28
nm0997224,28
nm0661791,28
nm0000018,28
nm0576127,28
nm0579663,28
nm0364805,28
nm0001715,28
nm0816143,28
nm0003697,28
nm0073875,28
nm0927270,28
nm0001592,28
nm0095478,28
nm0865189,28
nm0865297,28
nm0000061,28
nm0475823,28
nm0394967,28
nm0169505,28
nm0000741,28
nm0923736,28
nm0402950,28
nm0000546,28
nm0000388,28
nm0000352,28
nm2010670,28
nm1502434,28
nm2371802,28
nm2375857,28
nm1733243,28
nm0002336,28
nm0602885,28
nm0000995,28
nm0001467,28
nm0005541,28
nm0004716,28
nm0914615,28
nm0922279,28
nm3032965,28
nm4318159,28
nm0000701,28
nm0004423,28
nm0327273,28
nm0442109,28
nm0106835,28
nm0326512,28
nm0000172,28
nm0000619,28
nm0000514,28
nm0001606,28
nm1208167,28
nm0744834,28
nm2105585,28
nm1011849,28
nm0442337,28
nm0001082,28
nm0301274,28
nm1578335,28
nm0000255,28
nm0001745,28
nm0001814,28
nm1486911,28
nm1410815,28
nm0472567,28
nm0000129,28
nm0000174,28
nm2676052,28
nm0258390,28
nm0185976,28
nm1098479,28
nm4034068,28
nm0246404,28
nm0566919,28
nm0000301,28
nm0004747,28
nm0005222,28
nm0050332,28
nm0169260,28
nm0423134,28
nm0000799,28
nm0001626,28
nm0565336,28
nm0729304,28
nm0080289,28
nm0000685,28
nm0000520,28
nm0440913,28
nm0000466,28
nm0652226,28
nm0000060,28
nm0612322,28
nm0497369,28
nm0285210,28
nm0001587,28
nm0001666,28
nm0002045,28
nm0006085,28
nm0000026,28
nm0001693,28
nm0000051,28
nm0499626,28
nm0000532,28
nm0165049,28
nm0534045,28
nm0000493,28
nm0224634,28
nm0549658,28
nm0443599,28
nm0106840,28
nm0000201,28
nm0000874,28
nm0000361,28
nm0000231,28
nm0001328,28
nm0372942,28
nm0542534,28
nm0002144,28
nm0000044,28
nm0001847,28
nm0006452,28
nm0542631,28
nm0000485,28
nm0266239,28
nm0000249,28
nm0001527,28
nm0000564,28
nm0000063,28
nm0370144,28
nm0818545,28
nm0690143,28
nm0000056,28
nm0000602,28
nm0082300,28
nm0680539,28
nm0680635,28
nm0574625,28
nm0384294,28
nm0290581,28
nm0868219,28
nm1973308,28
nm0190859,28
nm0622838,28
nm0868872,28
nm0000348,28
nm0000438,28
nm0000165,28
nm0326040,28
nm0004976,28
nm0001016,28
nm0000435,28
nm0001122,28
nm0000353,28
nm0910237,28
nm0200452,28
nm0000759,28
nm0801737,28
nm0526917,28
nm0783280,28
nm0005458,28
nm0334318,28
nm0005068,28
nm0005363,28
nm0891216,28
nm0251536,28
nm2020015,28
nm1699911,28
nm0000560,28
nm0249291,28
nm0607185,28
nm0640334,28
nm3294574,28
nm0233561,28
nm0640345,28
nm0004802,28
nm1724319,28
nm0268380,28
nm0885014,28
nm0192942,28
nm0121724,28
nm0921853,28
nm0303922,28
nm0429069,28
nm0766005,28
nm0655053,28
nm2700235,28
nm2082813,28
nm0273832,28
nm0000022,28
nm0281808,28
nm0939992,28
nm0000912,28
nm0821041,28
nm0087533,28
nm0572492,28
nm0000879,28
nm0000581,28
nm0953123,28
nm0201857,28
nm0079065,28
nm0423122,28
nm0000849,28
nm0000982,28
nm0000437,28
nm0001053,28
nm0001054,28
nm0565092,28
nm0748784,28
nm1103781,28
nm0607865,28
nm0436164,28
nm1212331,28
nm1329482,28
nm0005219,28
nm0270559,28
nm4043618,28
nm3918035,28
nm1212722,28
nm1218281,28
nm0571344,28
nm1273099,28
nm0228492,28
nm2443562,28
nm0714698,28
nm0821432,28
nm8748334,28
nm3360218,28
nm4401003,28
nm0412588,28
nm0661406,28
nm1469236,28
nm0309693,28
nm0358960,28
nm0136260,28
nm10663088,28
nm0515201,28
nm0000537,28
nm0001258,28
nm0000277,28
nm0836328,28
nm0165412,28
nm0525793,28
nm0167241,28
nm0945499,28
nm0270458,28
nm0863374,28
nm1706767,28
nm3053338,28
nm1010540,28
nm0067789,28
nm4265383,28
nm2110175,28
nm0854991,28
nm0000147,28
nm0365208,28
nm1003922,28
nm0005286,28
nm0001057,28
nm0796117,28
nm0005086,28
nm0578814,28
nm0000107,28
nm0000436,28
nm0255278,28
nm0001338,28
nm0586969,28
nm0622296,28
nm0797889,28
nm0855417,28
nm0361683,28
nm0001532,28
nm0835732,28
nm0211823,28
nm0330379,28
nm0915226,28
nm0000125,28
nm0090151,28
nm0583675,28
nm0000621,28
nm0202966,28
nm0484111,28
nm0287759,28
nm0877274,28
nm0000432,28
nm0001321,28
nm0000554,28
nm0000368,28
nm0000156,28
nm0000341,28
nm0762674,28
nm0000186,28
nm0001732,28
nm0000232,28
nm0208381,28
nm0000092,28
nm0001402,28
nm0286926,28
nm0925214,28
nm0559452,28
nm0260556,28
nm0260557,28
nm0001159,28
nm0001801,28
nm0263172,28
nm0115669,28
nm0001473,28
nm0001837,28
nm0629272,28
nm0271026,28
nm0775443,28
nm0000988,28
nm0000136,28
nm0001691,28
nm0461136,28
nm0893659,28
nm0254645,28
nm0744429,28
nm0064181,28
nm0938684,28
nm0837386,28
nm0000474,28
nm0000630,28
nm1802857,28
nm1421308,28
nm2140746,28
nm0000702,28
nm0683253,28
nm0000439,28
nm1347153,28
nm5058839,28
nm0232433,28
nm1940449,28
nm0941777,28
nm1954240,28
nm0770938,28
nm0460795,28
nm0070822,28
nm0192984,28
nm2919995,28
nm0688132,28
nm0352778,28
nm0085400,28
nm1411676,28
nm0498834,28
nm1250070,28
nm0931324,28
nm1055413,28
nm2588606,28
nm0725983,28
nm0306890,28
nm0441097,28
nm0117709,28
nm1312575,28
nm0604948,28
nm0247787,28
nm0271479,28
nm0867768,28
nm1256532,28
nm1495520,28
nm0003506,28
nm0125336,28
nm3890871,28
nm0445669,28
nm1858656,28
nm0943758,28
nm0326418,28
nm0000059,28
nm0000021,28
nm0365661,28
nm0000442,28
nm0001579,28
nm0214303,28
nm0005197,28
nm0000098,28
nm0004874,28
nm0564827,28
nm0286715,28
nm0007831,28
nm0205626,28
nm1297015,28
nm0818055,28
nm0397171,28
nm0853238,28
nm0055431,28
nm0001060,28
nm0337676,28
nm0467255,28
nm0350453,28
nm0502425,28
nm3360706,28
nm0204987,28
nm0424663,28
nm2221807,28
nm0000234,28
nm0396558,28
nm2368789,28
nm0004306,28
nm0593294,28
nm0900840,28
nm0027572,28
nm0206154,28
nm2262509,28
nm0306088,28
nm1167933,28
nm0021948,28
nm0000406,28
nm0425913,28
nm0000531,28
nm0005377,28
nm1732981,28
nm0110357,28
nm0194446,28
nm0675356,28
nm0000345,28
nm0000422,28
nm0000114,28
nm0798899,28
nm0191717,28
nm0728307,28
nm0000160,28
nm0776114,28
nm0353187,28
nm0432625,28
nm0859597,28
nm0327944,28
nm0037247,28
nm0936404,28
nm0118227,28
nm0175333,28
nm0896542,28
nm0503777,28
nm0161200,28
nm1367410,28
nm0001772,28
nm2933542,28
nm0291082,28
nm0338169,28
nm0859471,28
nm0488953,28
nm0187724,28
nm1049433,28
nm1480980,28
nm3510918,28
nm0347384,28
nm0715346,28
nm0001294,28
nm0466099,28
nm0000592,28
nm0006487,28
nm0313623,28
nm0084695,28
nm0898634,28
nm0005476,28
nm0059431,28
nm0353673,28
nm0742347,28
nm0641939,28
nm0473228,28
nm0493339,28
nm0000304,28
nm0001243,28
nm0001780,28
nm0386227,28
nm0000191,28
nm0001971,28
nm0000965,28
nm0920543,28
nm0388076,28
nm0531602,28
nm0370564,28
nm0286025,28
nm0000313,28
nm0000194,28
nm0177504,28
nm0252321,28
nm0001415,28
nm0775977,28
nm0802563,28
nm0000332,28
nm0457715,28
nm0004951,28
nm0652663,28
nm0684342,28
nm1486235,28
nm1271884,28
nm0000500,28
nm0908323,28
nm0010471,28
nm0000076,28
nm0610115,28
nm0000696,28
nm0000397,28
nm0005278,28
nm0001661,28
nm0317279,28
nm0262595,28
nm0770650,28
nm0000963,28
nm0876562,28
nm1396406,28
nm0149223,28
nm0453617,28
nm0001702,28
nm0000377,28
nm0001940,28
nm0331956,28
nm0113360,28
nm0005573,28
nm0000681,28
nm0001416,28
nm0001315,28
nm0000576,28
nm1040556,28
nm0688361,28
nm0000221,28
nm0000297,28
nm0705356,28
nm0342488,28
nm0946734,28
nm0460141,28
nm0746830,28
nm0057655,28
nm0382268,28
nm1104057,28
nm0124930,28
nm2395586,28
nm0272401,28
nm0204030,28
nm0001993,28
nm0744384,28
nm0000450,28
nm0051509,28
nm0177707,28
nm0002076,28
nm0002077,28
nm0602941,28
nm0000230,28
nm0001735,28
nm0001835,28
nm0000814,28
nm0153590,28
nm0000152,28
nm0000260,28
nm0846480,28
nm2105255,28
nm0426440,28
nm2663731,28
nm0154665,28
nm0331907,28
nm0000686,28
nm0622288,28
nm0662748,28
nm0754272,28
nm0616026,28
nm0678911,28
nm0001698,28
nm0001047,28
nm0307311,28
nm0714793,28
nm1010405,28
nm0314088,28
nm0520749,28
nm0742341,28
nm0682757,28
nm0237543,28
nm0380670,28
nm0000510,28
nm0254402,28
nm0000601,28
nm0016603,28
nm0005266,28
nm0000456,28
nm0005134,28
nm0907869,28
nm0326364,28
nm0556067,28
nm0000126,28
nm0086658,28
nm0933604,28
nm0918334,28
nm0488306,28
nm0000209,31
nm0000151,31
nm0001104,31
nm0555550,31
nm0000008,31
nm0000199,31
nm0001001,31
nm0000473,31
nm0000338,31
nm0932336,31
nm0000146,31
nm0000229,31
nm0001873,31
nm0002011,31
nm0001486,31
nm0442100,31
nm0503594,31
nm0005132,31
nm0634240,31
nm0634300,31
nm0275286,31
nm0001392,31
nm0000812,31
nm0782900,31
nm0801728,31
nm0513165,31
nm0000399,31
nm0000142,31
nm0001466,31
nm0408488,31
nm0769249,31
nm0913822,31
nm0002892,31
nm8904193,31
nm4377096,31
nm0000705,31
nm0000641,31
nm0000709,31
nm0449984,31
nm0001410,31
nm0000184,31
nm0000401,31
nm0905154,31
nm0905152,31
nm0691084,31
nm0001232,31
nm0450181,31
nm0000966,31
nm0000217,31
nm0005563,31
nm0000841,31
nm0000905,31
nm0618690,31
nm0576987,31
nm0526199,31
nm0513130,31
nm0000071,31
nm0000859,31
nm0001008,31
nm0000149,31
nm0501435,31
nm0001129,31
nm0000216,31
nm0000116,31
nm0734441,31
nm0330428,31
nm0462030,31
nm0368074,31
nm0852405,31
nm0001556,31
nm0594503,31
nm0005124,31
nm0001536,31
nm0000041,31
nm0644823,31
nm0609404,31
nm0443411,31
nm0000670,31
nm0301826,31
nm0002134,31
nm0002031,31
nm0122417,31
nm0000591,31
nm0847223,31
nm0000783,31
nm0000934,31
nm2552034,31
nm3227090,31
nm2615685,31
nm0000128,31
nm0000631,31
nm0291905,31
nm0517589,31
nm0629933,31
nm0000578,31
nm0000033,31
nm0000286,31
nm0001741,31
nm0003160,31
nm0005875,31
nm1184258,31
nm0538320,31
nm0159039,31
nm0000111,31
nm0021249,31
nm0591450,31
nm0167388,31
nm0494504,31
nm0619923,31
nm0865918,31
nm0587518,31
nm0041447,31
nm0001353,31
nm0000643,31
nm0000108,31
nm0616729,31
nm0003424,31
nm0393240,31
nm0094435,31
nm0868153,31
nm0660031,31
nm0742475,31
nm0000154,31
nm0000521,31
nm0001526,31
nm0005171,31
nm0908824,31
nm0000583,31
nm0118164,31
nm0737582,31
nm0000040,31
nm0000261,31
nm0442241,31
nm0550881,31
nm0151434,31
nm0000299,31
nm0742276,31
nm0307531,31
nm0230032,31
nm0714114,31
nm1701024,31
nm9878616,31
nm2759610,31
nm0680846,31
nm0798788,31
nm1396121,31
nm5147232,31
nm0588087,31
nm0709056,31
nm0745247,31
nm0520488,31
nm0751577,31
nm0751648,31
nm0835365,31
nm0317970,31
nm0000973,31
nm2937122,31
nm0399737,31
nm0002233,31
nm0000697,31
nm0006765,31
nm0949167,31
nm0661791,31
nm0364805,31
nm0367431,31
nm0001715,31
nm0091686,31
nm0618057,31
nm0003697,31
nm0001602,31
nm0459552,31
nm0923736,31
nm0000546,31
nm0473588,31
nm2371802,31
nm0001467,31
nm0004716,31
nm0914615,31
nm4318159,31
nm6328030,31
nm0327273,31
nm1410028,31
nm0001606,31
nm0491259,31
nm1401820,31
nm0899121,31
nm2105585,31
nm0001814,31
nm1818216,31
nm1486911,31
nm1410815,31
nm2676052,31
nm0185976,31
nm1323233,31
nm0898288,31
nm1416431,31
nm0000301,31
nm0005222,31
nm0634530,31
nm0001652,31
nm1244760,31
nm0325549,31
nm0000520,31
nm0440913,31
nm0000466,31
nm0216632,31
nm0042317,31
nm0612322,31
nm0001587,31
nm0640307,31
nm0002045,31
nm0165049,31
nm0853138,31
nm0522487,31
nm0001120,31
nm0953790,31
nm0080755,31
nm0549658,31
nm0000361,31
nm0000231,31
nm0001328,31
nm0005904,31
nm0000080,31
nm0219670,31
nm0006452,31
nm0542631,31
nm0921532,31
nm0000485,31
nm0902376,31
nm0266239,31
nm0001852,31
nm0002875,31
nm0000180,31
nm0004122,31
nm2111404,31
nm0002154,31
nm0297054,31
nm0690143,31
nm3017782,31
nm0000056,31
nm0000602,31
nm0001351,31
nm0911486,31
nm0082300,31
nm0001291,31
nm0574625,31
nm0317725,31
nm0868219,31
nm0190859,31
nm0622838,31
nm0000438,31
nm0326040,31
nm0000435,31
nm0000759,31
nm0783280,31
nm0005363,31
nm0891216,31
nm1154184,31
nm0006249,31
nm0004486,31
nm0386570,31
nm0275264,31
nm1463981,31
nm0607185,31
nm0640334,31
nm0268380,31
nm0885014,31
nm0921853,31
nm0003433,31
nm0005789,31
nm3582089,31
nm0273832,31
nm0308177,31
nm0281808,31
nm0002030,31
nm0939992,31
nm0523932,31
nm0001379,31
nm0000581,31
nm0201857,31
nm0002728,31
nm0000169,31
nm0000982,31
nm0001053,31
nm0001054,31
nm4043618,31
nm1218281,31
nm4401003,31
nm1725469,31
nm0000277,31
nm0836328,31
nm0165412,31
nm0889024,31
nm0167241,31
nm0945522,31
nm0654868,31
nm0001537,31
nm0191950,31
nm0796117,31
nm0000436,31
nm0001338,31
nm0001532,31
nm0835732,31
nm0090151,31
nm0583675,31
nm0557956,31
nm0877274,31
nm0672459,31
nm0005726,31
nm0000554,31
nm0000341,31
nm0462895,31
nm0762674,31
nm0000843,31
nm0000024,31
nm0000186,31
nm0075015,31
nm0001707,31
nm0066055,31
nm0813272,31
nm0619330,31
nm0006498,31
nm0642714,31
nm0001159,31
nm0000036,31
nm0115669,31
nm0223964,31
nm0002231,31
nm0217258,31
nm0001187,31
nm0001837,31
nm0629272,31
nm0893659,31
nm0744429,31
nm0064181,31
nm1347153,31
nm0941777,31
nm0070822,31
nm0192984,31
nm2155757,31
nm0252230,31
nm2588606,31
nm1312575,31
nm0247787,31
nm0003506,31
nm0445669,31
nm0943758,31
nm0880521,31
nm0000005,31
nm0005815,31
nm0753276,31
nm0512482,31
nm0000059,31
nm0000442,31
nm0000707,31
nm0001579,31
nm0266684,31
nm0005197,31
nm0004874,31
nm0083348,31
nm0564827,31
nm0286715,31
nm0397171,31
nm0853238,31
nm0001060,31
nm0004306,31
nm0023832,31
nm0027572,31
nm2265326,31
nm1238855,31
nm0000264,31
nm0000406,31
nm0425913,31
nm2655177,31
nm1732981,31
nm0841501,31
nm0000114,31
nm0147070,31
nm0090213,31
nm0325358,31
nm0728307,31
nm0001038,31
nm0776114,31
nm0432625,31
nm0327944,31
nm0037247,31
nm0006509,31
nm0136057,31
nm0370821,31
nm0936404,31
nm0403346,31
nm0287931,31
nm0896542,31
nm0503777,31
nm0851537,31
nm0861703,31
nm1978402,31
nm0600668,31
nm0291082,31
nm0108703,31
nm1049433,31
nm1480980,31
nm0885098,31
nm0715346,31
nm0466099,31
nm0006487,31
nm0678014,31
nm0827869,31
nm0001243,31
nm0087861,31
nm0001538,31
nm0571727,31
nm0000965,31
nm0005909,31
nm0370564,31
nm0252345,31
nm0005705,31
nm0906307,31
nm0803705,31
nm0862026,31
nm0741013,31
nm0001500,31
nm0001415,31
nm0802563,31
nm0684342,31
nm0000365,31
nm1195302,31
nm0000500,31
nm0529543,31
nm0753716,31
nm0000076,31
nm0610115,31
nm0005684,31
nm0005278,31
nm0262595,31
nm0770650,31
nm0000032,31
nm1646563,31
nm0000576,31
nm0688361,31
nm0914612,31
nm0946734,31
nm0460141,31
nm0468003,31
nm0254178,31
nm0398167,31
nm0002077,31
nm0001735,31
nm0001835,31
nm0000814,31
nm0248600,31
nm0002120,31
nm0793881,31
nm0426440,31
nm0002075,31
nm0662748,31
nm0606211,31
nm0690597,31
nm0616026,31
nm0001047,31
nm0307311,31
nm0520749,31
nm0742341,31
nm0682757,31
nm0007037,31
nm0005266,31
nm0236405,31
nm0086658,31
nm0933604,31
nm0166256,31
nm0615780,31
nm0348409,6
nm0006669,6
nm0002353,6
nm0000008,6
nm0001001,6
nm0000065,6
nm0002354,6
nm0000553,6
nm0001426,6
nm0000134,6
nm0000380,6
nm0000020,6
nm0002011,6
nm0275835,6
nm0006132,6
nm0000288,6
nm0005132,6
nm0001173,6
nm0000323,6
nm0000704,6
nm0001557,6
nm0005212,6
nm0089217,6
nm0866058,6
nm0101991,6
nm0000237,6
nm0000235,6
nm0000168,6
nm0000246,6
nm0000093,6
nm0001533,6
nm0340260,6
nm0001553,6
nm0001812,6
nm0321294,6
nm0000138,6
nm0330687,6
nm0680983,6
nm0001877,6
nm0000158,6
nm0000398,6
nm0000434,6
nm0000402,6
nm0001850,6
nm0102824,6
nm0000206,6
nm0915989,6
nm0204485,6
nm0000140,6
nm0000197,6
nm0913670,6
nm0000501,6
nm0000582,6
nm0148437,6
nm0003607,6
nm0618690,6
nm0000071,6
nm0001656,6
nm0000859,6
nm0593775,6
nm0329304,6
nm0352443,6
nm0000164,6
nm0000157,6
nm0000411,6
nm0006075,6
nm0000354,6
nm0006316,6
nm0000228,6
nm0006290,6
nm0000027,6
nm0003817,6
nm0153738,6
nm0687189,6
nm0997115,6
nm0386749,6
nm0000190,6
nm0004266,6
nm1567113,6
nm3237775,6
nm0875477,6
nm0370593,6
nm0000350,6
nm0006050,6
nm0000502,6
nm0000417,6
nm0006293,6
nm0000007,6
nm0000006,6
nm0001647,6
nm0004384,6
nm0004778,6
nm0001012,6
nm0001673,6
nm3225654,6
nm1886602,6
nm0799777,6
nm2552034,6
nm0000128,6
nm0001618,6
nm0001657,6
nm0000578,6
nm0001463,6
nm0587256,6
nm0001260,6
nm0002136,6
nm0000242,6
nm0000111,6
nm0000460,6
nm0000469,6
nm0167388,6
nm0178874,6
nm0000640,6
nm0000244,6
nm0000457,6
nm0001021,6
nm0000198,6
nm0000204,6
nm0000732,6
nm0785385,6
nm0000122,6
nm0002104,6
nm0000038,6
nm0179819,6
nm0728812,6
nm0000077,6
nm6079248,6
nm8885840,6
nm0634159,6
nm0199774,6
nm0432382,6
nm0413168,6
nm0424060,6
nm0000035,6
nm0001638,6
nm0006041,6
nm0001079,6
nm0137793,6
nm0253844,6
nm0000261,6
nm0000719,6
nm0001371,6
nm0849083,6
nm0402805,6
nm0929609,6
nm1848588,6
nm0177896,6
nm5939164,6
nm0175814,6
nm2976492,6
nm4271336,6
nm2794962,6
nm0000375,6
nm0262635,6
nm0749263,6
nm1165110,6
nm0642988,6
nm0306786,6
nm0317970,6
nm0315974,6
nm5645519,6
nm0005513,6
nm0910607,6
nm0913488,6
nm0000034,6
nm0841797,6
nm0647970,6
nm0451148,6
nm0004626,6
nm0596240,6
nm0006086,6
nm0000018,6
nm0576127,6
nm0579663,6
nm0000634,6
nm0001330,6
nm0943978,6
nm0006145,6
nm0311476,6
nm0462407,6
nm0876300,6
nm1098869,6
nm0001189,6
nm0001602,6
nm0095478,6
nm0540338,6
nm0000061,6
nm0000017,6
nm0001452,6
nm0006471,6
nm0725543,6
nm0001815,6
nm0000352,6
nm0000284,6
nm0592135,6
nm1502434,6
nm0325989,6
nm0000995,6
nm0543739,6
nm3032965,6
nm6328031,6
nm8661566,6
nm0109726,6
nm0000120,6
nm0000701,6
nm0929489,6
nm0000172,6
nm0000619,6
nm0849100,6
nm0001082,6
nm0005271,6
nm0000349,6
nm0000885,6
nm0000245,6
nm0001745,6
nm0000384,6
nm3156436,6
nm0000129,6
nm0000174,6
nm1055564,6
nm0000906,6
nm0004747,6
nm0000799,6
nm0001652,6
nm0001626,6
nm0536708,6
nm0523415,6
nm0251416,6
nm0006106,6
nm0851582,6
nm0862961,6
nm0001067,6
nm0000060,6
nm0000930,6
nm0000037,6
nm0640307,6
nm0001666,6
nm0353405,6
nm0173679,6
nm0337582,6
nm0006085,6
nm0000026,6
nm0001693,6
nm0499626,6
nm0000532,6
nm0121256,6
nm0027173,6
nm0001571,6
nm0000895,6
nm0001158,6
nm0516972,6
nm0080755,6
nm0534045,6
nm0001766,6
nm0000064,6
nm0000067,6
nm0000493,6
nm0000511,6
nm0001827,6
nm0224634,6
nm0006037,6
nm0000201,6
nm0000874,6
nm0001512,6
nm0001072,6
nm0173827,6
nm0001547,6
nm0000075,6
nm0000044,6
nm0001847,6
nm0001050,6
nm0006104,6
nm0000048,6
nm0921532,6
nm0000249,6
nm0001852,6
nm0207401,6
nm0000564,6
nm0000063,6
nm0818545,6
nm0003574,6
nm0001727,6
nm0001164,6
nm0001653,6
nm0622782,6
nm0530365,6
nm0893941,6
nm0047962,6
nm0454120,6
nm0594271,6
nm0000054,6
nm0000348,6
nm0706368,6
nm0001016,6
nm0753526,6
nm0000983,6
nm0000353,6
nm0000358,6
nm0200452,6
nm0001354,6
nm0339351,6
nm0867391,6
nm0766496,6
nm0334318,6
nm0005068,6
nm0614373,6
nm0788170,6
nm0951598,6
nm0406157,6
nm0714377,6
nm0000560,6
nm0006142,6
nm3929283,6
nm0004802,6
nm0075551,6
nm1224245,6
nm0005403,6
nm0429069,6
nm0000022,6
nm0000046,6
nm0001479,6
nm0000912,6
nm0821041,6
nm0107795,6
nm0006128,6
nm0404158,6
nm0392529,6
nm0000070,6
nm0000012,6
nm0000879,6
nm0001695,6
nm0002141,6
nm0000055,6
nm0897845,6
nm0989434,6
nm0605270,6
nm0000169,6
nm0000849,6
nm0000437,6
nm0001980,6
nm1212722,6
nm0714698,6
nm1469236,6
nm0931404,6
nm0358960,6
nm0000537,6
nm0001258,6
nm0598971,6
nm0005952,6
nm0361697,6
nm0756907,6
nm0001537,6
nm0191950,6
nm0006323,6
nm1126657,6
nm0990547,6
nm0000147,6
nm0005286,6
nm0001057,6
nm0006133,6
nm0000025,6
nm0000107,6
nm0000636,6
nm0000614,6
nm0000889,6
nm0001817,6
nm0000125,6
nm0000621,6
nm0202966,6
nm0000118,6
nm0000432,6
nm0001321,6
nm0006215,6
nm0000156,6
nm0000843,6
nm0001732,6
nm0001707,6
nm0000232,6
nm0001037,6
nm0001385,6
nm0001589,6
nm0796062,6
nm0520164,6
nm0369841,6
nm0902129,6
nm0000136,6
nm0001691,6
nm0461136,6
nm1046097,6
nm0000702,6
nm0683253,6
nm0000439,6
nm1940449,6
nm0252230,6
nm1055413,6
nm0117709,6
nm1495520,6
nm0001485,6
nm0000763,6
nm0545298,6
nm0942863,6
nm0006087,6
nm0000761,6
nm0085038,6
nm0389580,6
nm0000021,6
nm0000752,6
nm0006331,6
nm0001065,6
nm0000098,6
nm0205626,6
nm1297015,6
nm0818055,6
nm0350453,6
nm0432725,6
nm0000234,6
nm0396558,6
nm2368789,6
nm0959003,6
nm0897640,6
nm0000264,6
nm0001017,6
nm0335788,6
nm0825705,6
nm0000531,6
nm0005377,6
nm2655177,6
nm0000422,6
nm0090213,6
nm0809548,6
nm0934902,6
nm0383022,6
nm0858977,6
nm0001055,6
nm0175369,6
nm0439850,6
nm0000494,6
nm0001038,6
nm0865949,6
nm0763395,6
nm0000267,6
nm0662223,6
nm0370821,6
nm0000795,6
nm0036427,6
nm0118227,6
nm0000023,6
nm0604656,6
nm0001961,6
nm0481618,6
nm1195119,6
nm0423280,6
nm0001772,6
nm0488953,6
nm5016878,6
nm0719673,6
nm0885098,6
nm0002303,6
nm0001550,6
nm0005476,6
nm0641939,6
nm0001943,6
nm0856842,6
nm0001884,6
nm0000304,6
nm0000513,6
nm0001971,6
nm0001538,6
nm0571727,6
nm0002185,6
nm0000313,6
nm0000194,6
nm0691555,6
nm0635059,6
nm0077086,6
nm0001500,6
nm0001768,6
nm0775977,6
nm0345991,6
nm0000332,6
nm2148374,6
nm0340003,6
nm0000453,6
nm1486235,6
nm0176036,6
nm0006217,6
nm0000203,6
nm0000397,6
nm0000963,6
nm0001702,6
nm0000377,6
nm1813015,6
nm0386472,6
nm0111649,6
nm0000221,6
nm0000016,6
nm0006035,6
nm0705356,6
nm0914612,6
nm0342488,6
nm0002091,6
nm0746830,6
nm0124930,6
nm2395586,6
nm0001993,6
nm1125169,6
nm0000450,6
nm0402032,6
nm0002076,6
nm0400542,6
nm0949350,6
nm0006015,6
nm0295947,6
nm0434222,6
nm0000152,6
nm0000260,6
nm0000686,6
nm0001698,6
nm0828630,6
nm0247762,6
nm0006277,6
nm0001421,6
nm0001510,6
nm0134201,6
nm0000195,6
nm0000510,6
nm0864997,6
nm0006070,6
nm0000456,6
nm0005134,6
nm0121431,6
nm0000126,6
nm0001521,6
nm0000290,6
nm0293455,6
nm0001104,0
nm0000175,0
nm0555550,0
nm0000338,0
nm0701374,0
nm0748665,0
nm0328751,0
nm0000229,0
nm0447745,0
nm0001873,0
nm0001486,0
nm0741627,0
nm0634240,0
nm0634300,0
nm0275286,0
nm0004170,0
nm0005212,0
nm0001392,0
nm0866058,0
nm0909638,0
nm0101991,0
nm0000233,0
nm0000812,0
nm0801728,0
nm0513165,0
nm0001570,0
nm0657333,0
nm0880243,0
nm0001466,0
nm0898812,0
nm0408488,0
nm0769249,0
nm8904193,0
nm4377096,0
nm13222819,0
nm0000709,0
nm0343165,0
nm0744839,0
nm0000148,0
nm0001850,0
nm0102824,0
nm0001410,0
nm0000184,0
nm0905154,0
nm0905152,0
nm0001232,0
nm0369142,0
nm0325743,0
nm0450181,0
nm0913670,0
nm0683380,0
nm0005563,0
nm0000905,0
nm0243842,0
nm0148437,0
nm0274754,0
nm0576987,0
nm0526199,0
nm0513130,0
nm1130251,0
nm0933858,0
nm0593775,0
nm0001008,0
nm0329304,0
nm0352443,0
nm0842485,0
nm0827821,0
nm0001129,0
nm0365383,0
nm0848217,0
nm0000116,0
nm0936537,0
nm0001744,0
nm0122653,0
nm0734441,0
nm0848533,0
nm0462030,0
nm0847668,0
nm0368074,0
nm0001825,0
nm0000027,0
nm0001372,0
nm0005124,0
nm0643553,0
nm0000041,0
nm0644823,0
nm0609404,0
nm0370593,0
nm0571346,0
nm0554204,0
nm0301826,0
nm0019706,0
nm0002031,0
nm0258493,0
nm0258525,0
nm0462321,0
nm0122417,0
nm0000591,0
nm0367838,0
nm0844262,0
nm0764963,0
nm0847223,0
nm0636435,0
nm0006872,0
nm0000783,0
nm0000934,0
nm0607694,0
nm3225654,0
nm0001663,0
nm3227090,0
nm0926824,0
nm0001567,0
nm0291905,0
nm0517589,0
nm0629933,0
nm0000033,0
nm0825010,0
nm0088645,0
nm0000321,0
nm0001590,0
nm0003160,0
nm1184258,0
nm0538320,0
nm0159039,0
nm0340522,0
nm0560329,0
nm0000155,0
nm0021249,0
nm0575293,0
nm0731271,0
nm0941314,0
nm1082477,0
nm0494504,0
nm0619923,0
nm0865918,0
nm4778840,0
nm1552771,0
nm0587518,0
nm0380282,0
nm0175676,0
nm0001353,0
nm0639321,0
nm0795953,0
nm0318429,0
nm0000108,0
nm0000122,0
nm5681967,0
nm0616729,0
nm0139714,0
nm0174682,0
nm0003424,0
nm0371088,0
nm0941280,0
nm0393240,0
nm0094435,0
nm8243301,0
nm0868153,0
nm0660031,0
nm0188053,0
nm1793993,0
nm0000521,0
nm0005171,0
nm0908824,0
nm0000583,0
nm0118164,0
nm0737582,0
nm0001167,0
nm0000040,0
nm0424956,0
nm0722636,0
nm0442241,0
nm0151434,0
nm0234541,0
nm0787323,0
nm0537004,0
nm0005036,0
nm0849083,0
nm0452878,0
nm0386750,0
nm0402805,0
nm0929609,0
nm0004056,0
nm0230032,0
nm0714114,0
nm1701024,0
nm2764802,0
nm9878616,0
nm2759610,0
nm0680846,0
nm0798788,0
nm0277730,0
nm1047603,0
nm1396121,0
nm1038805,0
nm5147232,0
nm2929057,0
nm0588087,0
nm2159926,0
nm0745247,0
nm0520488,0
nm0032696,0
nm0456158,0
nm0751577,0
nm1321655,0
nm1321656,0
nm0498278,0
nm0305558,0
nm2937122,0
nm0441735,0
nm0017690,0
nm0004937,0
nm0399737,0
nm0362766,0
nm0002233,0
nm0000697,0
nm0102818,0
nm0551261,0
nm0534856,0
nm0386246,0
nm0430785,0
nm0006765,0
nm2746459,0
nm0997224,0
nm0949167,0
nm0661791,0
nm1628380,0
nm2057405,0
nm1367409,0
nm1369364,0
nm0932229,0
nm0860292,0
nm0167767,0
nm0364805,0
nm0000634,0
nm0001330,0
nm0816143,0
nm0313570,0
nm0876300,0
nm0003697,0
nm0001592,0
nm0001452,0
nm0002005,0
nm0475823,0
nm0546140,0
nm0459552,0
nm0010696,0
nm0169505,0
nm0001815,0
nm0710020,0
nm0923736,0
nm0368007,0
nm2371802,0
nm2375857,0
nm0005541,0
nm0004716,0
nm0782968,0
nm0914615,0
nm4318159,0
nm6328029,0
nm6328031,0
nm6328030,0
nm8661566,0
nm0000120,0
nm0327273,0
nm0442109,0
nm1410028,0
nm0000514,0
nm0744834,0
nm0491259,0
nm0586568,0
nm0899121,0
nm2105585,0
nm0301274,0
nm0000349,0
nm1578335,0
nm0000245,0
nm0000255,0
nm0001814,0
nm1818216,0
nm1410815,0
nm0472567,0
nm2676052,0
nm0143596,0
nm0258390,0
nm0185976,0
nm1098479,0
nm0898288,0
nm1416431,0
nm0005734,0
nm0050332,0
nm0677037,0
nm0565336,0
nm2540053,0
nm1244760,0
nm0000685,0
nm0000520,0
nm0000466,0
nm0491011,0
nm0862961,0
nm0042317,0
nm0497369,0
nm0285210,0
nm0001587,0
nm0173679,0
nm0337582,0
nm0000051,0
nm0499626,0
nm0121256,0
nm0027173,0
nm0178785,0
nm0853138,0
nm0092267,0
nm0092268,0
nm0002009,0
nm0290000,0
nm0136794,0
nm0001120,0
nm0953790,0
nm0059030,0
nm0080755,0
nm0147599,0
nm0000064,0
nm0151452,0
nm0128906,0
nm0000511,0
nm0224634,0
nm0549658,0
nm0000361,0
nm0000231,0
nm0001328,0
nm0372942,0
nm0870660,0
nm0000080,0
nm0001072,0
nm0542534,0
nm0002144,0
nm0219670,0
nm0448809,0
nm0542631,0
nm0001050,0
nm0000048,0
nm0000485,0
nm0902376,0
nm0414825,0
nm0033490,0
nm0001527,0
nm0340580,0
nm0073053,0
nm0207401,0
nm0575804,0
nm0000180,0
nm0004122,0
nm0297054,0
nm0459030,0
nm0690143,0
nm3017782,0
nm0001727,0
nm0001351,0
nm0911486,0
nm0001291,0
nm0001653,0
nm2331222,0
nm0317725,0
nm0868219,0
nm0190859,0
nm1168510,0
nm0000054,0
nm0858329,0
nm0517615,0
nm0000165,0
nm0326040,0
nm0621586,0
nm0004976,0
nm0753526,0
nm0000983,0
nm0001122,0
nm0721675,0
nm0000759,0
nm0801737,0
nm0005363,0
nm0891216,0
nm0006249,0
nm0051808,0
nm0386570,0
nm0251536,0
nm0275264,0
nm0432622,0
nm0612199,0
nm1463981,0
nm0249291,0
nm0640334,0
nm3294574,0
nm0233561,0
nm0640345,0
nm0268380,0
nm0192942,0
nm0003433,0
nm0217865,0
nm0766005,0
nm0655053,0
nm2700235,0
nm2082813,0
nm0308177,0
nm0000046,0
nm0593565,0
nm0397608,0
nm0523932,0
nm0501872,0
nm0562372,0
nm0071636,0
nm0001379,0
nm0871252,0
nm0001695,0
nm0000581,0
nm0650581,0
nm0953123,0
nm0002728,0
nm3160078,0
nm0015611,0
nm0001053,0
nm0001054,0
nm0565092,0
nm0607865,0
nm0436164,0
nm1212331,0
nm1218281,0
nm0571344,0
nm1273099,0
nm0228492,0
nm8748334,0
nm3360218,0
nm4401003,0
nm0309693,0
nm1725469,0
nm0358960,0
nm10663088,0
nm0108595,0
nm0165412,0
nm0122446,0
nm0889024,0
nm0525793,0
nm0167241,0
nm1064118,0
nm0350823,0
nm0945522,0
nm0654868,0
nm0633792,0
nm0461425,0
nm1706767,0
nm1010540,0
nm0067789,0
nm2110175,0
nm4880670,0
nm0796117,0
nm0000436,0
nm0255278,0
nm0001338,0
nm0406836,0
nm0000636,0
nm0000614,0
nm0001817,0
nm0001532,0
nm0861636,0
nm0835732,0
nm0211823,0
nm0330379,0
nm0090151,0
nm0583675,0
nm0557956,0
nm0000118,0
nm0484111,0
nm0132168,0
nm0672459,0
nm0000368,0
nm0000341,0
nm0462895,0
nm0000024,0
nm0000186,0
nm0212246,0
nm0075015,0
nm0872375,0
nm0598744,0
nm0001707,0
nm0001037,0
nm0000092,0
nm0001385,0
nm0000416,0
nm0001402,0
nm0001589,0
nm0540627,0
nm0619330,0
nm0037539,0
nm0006498,0
nm0001801,0
nm0000036,0
nm0369841,0
nm0593477,0
nm0115669,0
nm0223964,0
nm0002231,0
nm0217258,0
nm0001837,0
nm0629272,0
nm0893659,0
nm0254645,0
nm0744429,0
nm0064181,0
nm0938684,0
nm1802857,0
nm1347153,0
nm5058839,0
nm0232433,0
nm1954240,0
nm0770938,0
nm0460795,0
nm2919995,0
nm0688132,0
nm0352778,0
nm0085400,0
nm1411676,0
nm0498834,0
nm2155757,0
nm2588606,0
nm0725983,0
nm1185849,0
nm0604948,0
nm0003506,0
nm0125336,0
nm3890871,0
nm0445669,0
nm0792845,0
nm0437969,0
nm0880521,0
nm0000005,0
nm0389580,0
nm0238898,0
nm0365661,0
nm0531878,0
nm0266684,0
nm0001140,0
nm0214303,0
nm0083348,0
nm0564827,0
nm0400954,0
nm0286715,0
nm0007831,0
nm3543826,0
nm0001060,0
nm3360706,0
nm0004306,0
nm0565068,0
nm0490147,0
nm0023832,0
nm0027572,0
nm0959003,0
nm2450453,0
nm0555404,0
nm1167933,0
nm2265326,0
nm1238855,0
nm0000264,0
nm0335788,0
nm0425913,0
nm0825705,0
nm1732981,0
nm0000345,0
nm0191717,0
nm0533045,0
nm0147070,0
nm0090213,0
nm0807667,0
nm0685904,0
nm0809548,0
nm0411790,0
nm0439850,0
nm0728307,0
nm0011343,0
nm0000160,0
nm0776114,0
nm0353187,0
nm0859597,0
nm0327944,0
nm0037247,0
nm0903125,0
nm0000267,0
nm0403346,0
nm0512231,0
nm0189496,0
nm0118227,0
nm0287931,0
nm0175333,0
nm0896542,0
nm0481618,0
nm0851537,0
nm0861703,0
nm0161200,0
nm1978402,0
nm0600668,0
nm1258797,0
nm1941029,0
nm0918083,0
nm2933542,0
nm0291082,0
nm0338169,0
nm0739661,0
nm0859471,0
nm0108703,0
nm1049433,0
nm1480980,0
nm0001294,0
nm0353091,0
nm0006487,0
nm0174840,0
nm0313623,0
nm0552731,0
nm0483766,0
nm0141734,0
nm0678014,0
nm0059431,0
nm0353673,0
nm0101801,0
nm0473228,0
nm0856842,0
nm0001243,0
nm0087861,0
nm0000513,0
nm0001780,0
nm0000191,0
nm0920543,0
nm0388076,0
nm0099541,0
nm0286025,0
nm0691555,0
nm0803705,0
nm0862026,0
nm0077086,0
nm0001415,0
nm0775977,0
nm0425711,0
nm0802563,0
nm0669311,0
nm0004951,0
nm0652663,0
nm0684342,0
nm0135296,0
nm1486235,0
nm1271884,0
nm0000365,0
nm0229943,0
nm1195302,0
nm0000500,0
nm0471811,0
nm0213948,0
nm0000076,0
nm0610115,0
nm0000696,0
nm0001661,0
nm0317279,0
nm0262595,0
nm0770650,0
nm0067103,0
nm0000032,0
nm0361823,0
nm0908753,0
nm0876562,0
nm0000683,0
nm1323286,0
nm1646563,0
nm0001940,0
nm0331956,0
nm0386472,0
nm0000681,0
nm1040556,0
nm0688361,0
nm0000297,0
nm0946734,0
nm0460141,0
nm0746830,0
nm1104057,0
nm0272401,0
nm0213450,0
nm0761498,0
nm0204030,0
nm2441763,0
nm0405190,0
nm0468003,0
nm0829054,0
nm0051509,0
nm0402032,0
nm0254178,0
nm0602941,0
nm0000230,0
nm0949350,0
nm0248600,0
nm0002120,0
nm2124742,0
nm0793881,0
nm0426440,0
nm0002075,0
nm0154665,0
nm0622288,0
nm0007646,0
nm1127221,0
nm0662748,0
nm0606211,0
nm0690597,0
nm0758357,0
nm0001047,0
nm0913346,0
nm0307311,0
nm0714793,0
nm3057402,0
nm1010405,0
nm3164738,0
nm0668914,0
nm0682757,0
nm0237543,0
nm0000195,0
nm0254402,0
nm0864997,0
nm0000601,0
nm0748035,0
nm0907869,0
nm0001295,0
nm0086658,0
nm0398343,0
nm0918334,0
nm0166256,0
nm0615780,0
nm0002353,35
nm0000065,35
nm0002354,35
nm0006132,35
nm0001553,35
nm0001877,35
nm1421814,35
nm6353027,35
nm0204485,35
nm0001897,35
nm0003607,35
nm0006075,35
nm0006316,35
nm0006290,35
nm0259689,35
nm0386749,35
nm0374189,35
nm0006050,35
nm0338513,35
nm0006293,35
nm0004384,35
nm0844262,35
nm2197915,35
nm0002136,35
nm0653211,35
nm0178874,35
nm0785385,35
nm0000077,35
nm8885840,35
nm0432382,35
nm0202704,35
nm0000035,35
nm0006041,35
nm0137793,35
nm0253844,35
nm0787323,35
nm1848588,35
nm2976492,35
nm0032696,35
nm0315974,35
nm3760517,35
nm0004626,35
nm0596240,35
nm0006086,35
nm0006145,35
nm1098869,35
nm0001189,35
nm0540338,35
nm0000017,35
nm0543739,35
nm6328031,35
nm8661566,35
nm0109726,35
nm0250813,35
nm0005271,35
nm0000384,35
nm0768817,35
nm3156436,35
nm1055564,35
nm0536708,35
nm0523415,35
nm0251416,35
nm0006106,35
nm0773685,35
nm0000930,35
nm0173679,35
nm0006085,35
nm0027173,35
nm0000067,35
nm0006037,35
nm0006104,35
nm0003574,35
nm0923118,35
nm0622782,35
nm0000358,35
nm0766496,35
nm0614373,35
nm0788170,35
nm0593970,35
nm0951598,35
nm0714377,35
nm0006142,35
nm3929283,35
nm1224245,35
nm0773138,35
nm0005403,35
nm0006128,35
nm0000070,35
nm0000055,35
nm0989434,35
nm0001980,35
nm0005952,35
nm0756907,35
nm0006323,35
nm0006133,35
nm0000025,35
nm0006215,35
nm0185088,35
nm3816287,35
nm0902129,35
nm0000988,35
nm0006087,35
nm0006331,35
nm0001065,35
nm0432725,35
nm0675356,35
nm1193626,35
nm0763395,35
nm0423280,35
nm0719673,35
nm0174840,35
nm0002303,35
nm0002185,35
nm0635059,35
nm0077086,35
nm0345991,35
nm0340003,35
nm0006217,35
nm0111649,35
nm0000016,35
nm0006035,35
nm0002091,35
nm1244349,35
nm0400542,35
nm0006015,35
nm0295947,35
nm0434222,35
nm0492747,35
nm0828630,35
nm0006277,35
nm0006070,35
nm0121431,35
nm0000290,35
nm0002353,33
nm0000065,33
nm0002354,33
nm0006132,33
nm0001553,33
nm0001877,33
nm6353027,33
nm0204485,33
nm0001897,33
nm0003607,33
nm0000164,33
nm0006075,33
nm0006316,33
nm0006290,33
nm0005897,33
nm0386749,33
nm0887227,33
nm0370593,33
nm0006050,33
nm0006293,33
nm0004384,33
nm0844262,33
nm2197915,33
nm0002136,33
nm0653211,33
nm0178874,33
nm0785385,33
nm0000077,33
nm8885840,33
nm0432382,33
nm0000035,33
nm0344963,33
nm0006041,33
nm0137793,33
nm0253844,33
nm1848588,33
nm0315974,33
nm3760517,33
nm0430785,33
nm0596240,33
nm0006086,33
nm0006145,33
nm1098869,33
nm0001189,33
nm0945897,33
nm0473588,33
nm0592135,33
nm0543739,33
nm0109726,33
nm0250813,33
nm0000384,33
nm3156436,33
nm1055564,33
nm0536708,33
nm0523415,33
nm0251416,33
nm0006106,33
nm0862961,33
nm0000930,33
nm0000067,33
nm0006037,33
nm0006104,33
nm0003574,33
nm2111404,33
nm0923118,33
nm0622782,33
nm0339351,33
nm0766496,33
nm0614373,33
nm0006249,33
nm0788170,33
nm0951598,33
nm0714377,33
nm0006142,33
nm3929283,33
nm1224245,33
nm0773138,33
nm0006128,33
nm0000070,33
nm0000055,33
nm0989434,33
nm0001980,33
nm0136260,33
nm0005952,33
nm0756907,33
nm0006323,33
nm0006133,33
nm0000025,33
nm0000118,33
nm0006215,33
nm0796062,33
nm0415663,33
nm3816287,33
nm0902129,33
nm0006087,33
nm0921305,33
nm0006331,33
nm0432725,33
nm0675356,33
nm1193626,33
nm0763395,33
nm0423280,33
nm0719673,33
nm0002303,33
nm0002185,33
nm0635059,33
nm0345991,33
nm2148374,33
nm0340003,33
nm0176036,33
nm0006217,33
nm1813015,33
nm0111649,33
nm0000016,33
nm0006035,33
nm1125169,33
nm1244349,33
nm0400542,33
nm0006015,33
nm0295947,33
nm0434222,33
nm0492747,33
nm0828630,33
nm0247762,33
nm0006277,33
nm0006070,33
nm0121431,33
nm0000290,33
nm0005683,1
nm0932336,1
nm0442100,1
nm0782900,1
nm0149556,1
nm0002892,1
nm3591972,1
nm0449984,1
nm0691084,1
nm0000841,1
nm0005686,1
nm0004229,1
nm0590799,1
nm0451787,1
nm0156816,1
nm0852405,1
nm0005897,1
nm0645777,1
nm0887227,1
nm0620014,1
nm0443411,1
nm0005678,1
nm0468710,1
nm0005852,1
nm0005875,1
nm0005636,1
nm0689661,1
nm0005906,1
nm0005806,1
nm0122079,1
nm0393240,1
nm0005721,1
nm0001799,1
nm0005911,1
nm0005633,1
nm0005816,1
nm0742276,1
nm0835365,1
nm0724744,1
nm0005870,1
nm0091686,1
nm0734870,1
nm0005801,1
nm0002336,1
nm0508732,1
nm1401820,1
nm0260389,1
nm0435534,1
nm0005734,1
nm1146016,1
nm0005883,1
nm0216632,1
nm0005737,1
nm0005849,1
nm0005910,1
nm0005766,1
nm0005904,1
nm0005768,1
nm0005922,1
nm0002875,1
nm3017782,1
nm0005892,1
nm0485702,1
nm0005696,1
nm0594335,1
nm0362165,1
nm0593970,1
nm0004486,1
nm2122662,1
nm1086687,1
nm0005789,1
nm0281808,1
nm0005792,1
nm0005762,1
nm0599983,1
nm0005701,1
nm0005901,1
nm0357310,1
nm0040916,1
nm0005714,1
nm0005726,1
nm0152469,1
nm0066055,1
nm0229809,1
nm0539342,1
nm0002166,1
nm0504380,1
nm0396327,1
nm0005815,1
nm1023204,1
nm0794174,1
nm0907900,1
nm0006509,1
nm0161200,1
nm0169299,1
nm0005761,1
nm0084695,1
nm0827869,1
nm0005845,1
nm0005909,1
nm0005705,1
nm0199679,1
nm0005684,1
nm0044545,1
nm2756662,1
nm0185583,1
nm0002120,1
nm0309800,1
nm0001030,1
nm0007037,1
nm0524796,1
nm1285750,1
nm0510936,1
nm0005871,1
nm0005683,15
nm0932336,15
nm0442100,15
nm0004744,15
nm0782900,15
nm0002892,15
nm5701899,15
nm0691084,15
nm0005686,15
nm0004229,15
nm0451787,15
nm0852405,15
nm0005897,15
nm0645777,15
nm0887227,15
nm0620014,15
nm0005678,15
nm0468710,15
nm0005852,15
nm0005875,15
nm0005636,15
nm0689661,15
nm0005906,15
nm0005806,15
nm0005721,15
nm0001799,15
nm0005911,15
nm0005633,15
nm0005816,15
nm0835365,15
nm0724744,15
nm0091686,15
nm0002005,15
nm0734870,15
nm0005801,15
nm0002336,15
nm0508732,15
nm1208167,15
nm1401820,15
nm0260389,15
nm0435534,15
nm0258390,15
nm0005734,15
nm1146016,15
nm0005883,15
nm0216632,15
nm0005737,15
nm0005849,15
nm0005910,15
nm0005766,15
nm0005904,15
nm0005768,15
nm0005922,15
nm0002875,15
nm0005892,15
nm0485702,15
nm0005696,15
nm0594335,15
nm0362165,15
nm0593970,15
nm1086687,15
nm0005789,15
nm0005792,15
nm0005762,15
nm0599983,15
nm0005701,15
nm0005901,15
nm0040916,15
nm0005714,15
nm0005726,15
nm0152469,15
nm0229809,15
nm0002166,15
nm0396327,15
nm2265326,15
nm1023204,15
nm0794174,15
nm1147210,15
nm0907900,15
nm0169299,15
nm0005761,15
nm0084695,15
nm0827869,15
nm0005845,15
nm0005909,15
nm0005705,15
nm0199679,15
nm0005684,15
nm1040556,15
nm0044545,15
nm2756662,15
nm0185583,15
nm2124742,15
nm0309800,15
nm0007037,15
nm0524796,15
nm0510936,15
nm0005871,15
nm0005683,22
nm0748665,22
nm0004170,22
nm0650038,22
nm8662749,22
nm0068501,22
nm0908919,22
nm0321294,22
nm0769249,22
nm0342090,22
nm0858799,22
nm0005494,22
nm0744839,22
nm0000402,22
nm0102824,22
nm0005428,22
nm0105346,22
nm0274754,22
nm0848217,22
nm0004229,22
nm0001825,22
nm0465745,22
nm0840699,22
nm0000497,22
nm0000150,22
nm0134635,22
nm0005678,22
nm0001647,22
nm0071452,22
nm0786707,22
nm0847223,22
nm2615685,22
nm0825010,22
nm0568120,22
nm0340522,22
nm0575293,22
nm0731271,22
nm0941314,22
nm1457753,22
nm1552771,22
nm0380282,22
nm0639321,22
nm0795953,22
nm0140826,22
nm0139714,22
nm0188357,22
nm0689661,22
nm0305087,22
nm0074788,22
nm0634159,22
nm0188053,22
nm0753083,22
nm0480440,22
nm0007156,22
nm0550881,22
nm0787323,22
nm0537004,22
nm0951763,22
nm0005036,22
nm0402805,22
nm0123785,22
nm2264184,22
nm0606640,22
nm4752699,22
nm0277730,22
nm1047603,22
nm8823532,22
nm1038805,22
nm3356206,22
nm2929057,22
nm0456158,22
nm0881279,22
nm2937122,22
nm0026565,22
nm0767894,22
nm0724744,22
nm0000034,22
nm0927270,22
nm0865189,22
nm0865297,22
nm0546140,22
nm0394967,22
nm0000741,22
nm0710020,22
nm0000388,22
nm0005801,22
nm5623883,22
nm0325989,22
nm2375857,22
nm1733243,22
nm2799219,22
nm7621667,22
nm6328029,22
nm0442109,22
nm0586568,22
nm0301274,22
nm1578335,22
nm1098479,22
nm4034068,22
nm0566919,22
nm0005222,22
nm0050332,22
nm0423134,22
nm0677037,22
nm0729304,22
nm0117779,22
nm0001067,22
nm0588033,22
nm0048798,22
nm0653942,22
nm0497369,22
nm0000037,22
nm0002045,22
nm0178785,22
nm0725220,22
nm0953790,22
nm0128906,22
nm0443599,22
nm0001547,22
nm0006452,22
nm0575804,22
nm0818545,22
nm0002154,22
nm0459030,22
nm0005892,22
nm0001164,22
nm0911486,22
nm0868872,22
nm0218760,22
nm1566098,22
nm0621586,22
nm0721675,22
nm0526917,22
nm0783280,22
nm0275264,22
nm0432622,22
nm1724319,22
nm0921853,22
nm0776914,22
nm0002030,22
nm0593565,22
nm0087533,22
nm0005792,22
nm0002141,22
nm0748784,22
nm0270559,22
nm0571344,22
nm1273099,22
nm0228492,22
nm2443562,22
nm0661406,22
nm0515201,22
nm0350823,22
nm0654868,22
nm0863374,22
nm0365208,22
nm0568223,22
nm0005086,22
nm0586969,22
nm0622296,22
nm0797889,22
nm0406836,22
nm0000636,22
nm0361683,22
nm0861636,22
nm0211823,22
nm0287759,22
nm0877274,22
nm0462895,22
nm0208381,22
nm0286926,22
nm0925214,22
nm0263172,22
nm0001473,22
nm0271026,22
nm0254645,22
nm0938684,22
nm0000474,22
nm0000630,22
nm1802857,22
nm1421308,22
nm0232433,22
nm0215455,22
nm1250070,22
nm0931324,22
nm0725983,22
nm0247787,22
nm0271479,22
nm1256532,22
nm1858656,22
nm0326418,22
nm0000707,22
nm0005197,22
nm0083348,22
nm0400954,22
nm3543826,22
nm0055431,22
nm0204987,22
nm2221807,22
nm0490147,22
nm0593294,22
nm0900840,22
nm0194446,22
nm0354913,22
nm0798899,22
nm0682066,22
nm0807667,22
nm0934902,22
nm0411790,22
nm1147210,22
nm0432625,22
nm0859597,22
nm0512231,22
nm0189496,22
nm0175333,22
nm0851537,22
nm0918083,22
nm0338169,22
nm0739661,22
nm0859471,22
nm0466099,22
nm0188949,22
nm0313623,22
nm0552731,22
nm0898634,22
nm0483766,22
nm0353673,22
nm0001884,22
nm0286025,22
nm1271884,22
nm0229943,22
nm0199679,22
nm0005573,22
nm0405190,22
nm0175722,22
nm0185583,22
nm0846480,22
nm0622288,22
nm0007646,22
nm0754272,22
nm0758357,22
nm3057402,22
nm0001421,22
nm0016603,22
nm0326364,22
nm0001295,22
nm0293455,22
nm0166256,22
nm0615780,22
nm0000473,30
nm0328751,30
nm0000235,30
nm0858799,30
nm7934649,30
nm8135195,30
nm0433392,30
nm0000705,30
nm0000398,30
nm0000402,30
nm0005251,30
nm0001221,30
nm0000966,30
nm0000971,30
nm0001656,30
nm0000149,30
nm0501435,30
nm0000157,30
nm0412615,30
nm0001372,30
nm0153738,30
nm0687189,30
nm0383708,30
nm0004266,30
nm1567113,30
nm3237775,30
nm0875477,30
nm0793616,30
nm0000350,30
nm0000497,30
nm0000670,30
nm0000006,30
nm0288976,30
nm0794186,30
nm0945312,30
nm0794002,30
nm0001012,30
nm2552034,30
nm0001567,30
nm0001463,30
nm0587256,30
nm0000155,30
nm0494504,30
nm1109153,30
nm0000244,30
nm0001021,30
nm0000204,30
nm0156039,30
nm5681967,30
nm0002104,30
nm0000038,30
nm0728812,30
nm1856097,30
nm10113618,30
nm0041066,30
nm0199774,30
nm0424060,30
nm0000521,30
nm0001167,30
nm0000261,30
nm0000931,30
nm0001343,30
nm0434593,30
nm2264184,30
nm9862859,30
nm10201625,30
nm1701024,30
nm5939164,30
nm0175814,30
nm4759838,30
nm2976492,30
nm2794962,30
nm0354916,30
nm0005513,30
nm0913488,30
nm0792049,30
nm0841797,30
nm0647970,30
nm1587175,30
nm0004626,30
nm1367246,30
nm0311476,30
nm0000017,30
nm0006471,30
nm0592500,30
nm0473588,30
nm5623883,30
nm0325989,30
nm0000995,30
nm0000124,30
nm2799219,30
nm0760778,30
nm7621667,30
nm0000701,30
nm1208167,30
nm0491259,30
nm5038871,30
nm0410942,30
nm0849100,30
nm0000349,30
nm0829681,30
nm0368689,30
nm4299147,30
nm0044073,30
nm0246386,30
nm0000906,30
nm0000301,30
nm0851582,30
nm0186677,30
nm0652226,30
nm0701012,30
nm0047800,30
nm0048798,30
nm0614677,30
nm0001666,30
nm0353405,30
nm0001693,30
nm0484829,30
nm0001571,30
nm0000895,30
nm0136794,30
nm0022821,30
nm0147599,30
nm0001766,30
nm0000511,30
nm0000201,30
nm0001512,30
nm0173827,30
nm0001547,30
nm0927145,30
nm0484737,30
nm0001527,30
nm0375609,30
nm0680539,30
nm1419440,30
nm0317725,30
nm0893941,30
nm0622838,30
nm0047962,30
nm0000054,30
nm0000435,30
nm0001122,30
nm0875362,30
nm0052334,30
nm0222447,30
nm0487884,30
nm0477810,30
nm0406157,30
nm0607185,30
nm0004802,30
nm0266029,30
nm0303922,30
nm0429069,30
nm0000046,30
nm0641966,30
nm0817929,30
nm0001479,30
nm0000012,30
nm0000879,30
nm0002141,30
nm0897845,30
nm3587952,30
nm0079065,30
nm0477553,30
nm0607865,30
nm3918035,30
nm1469236,30
nm0931404,30
nm0383261,30
nm0361697,30
nm0863374,30
nm3053338,30
nm0001057,30
nm0000107,30
nm0000889,30
nm0233145,30
nm0000368,30
nm0000843,30
nm0001732,30
nm0000232,30
nm0781245,30
nm0415412,30
nm0001159,30
nm0570230,30
nm0472756,30
nm0001473,30
nm0461136,30
nm1046097,30
nm1421308,30
nm0000702,30
nm0683253,30
nm5058839,30
nm1954240,30
nm0688132,30
nm1411676,30
nm1312575,30
nm0867768,30
nm1495520,30
nm0001485,30
nm0942863,30
nm0000761,30
nm0880521,30
nm0472234,30
nm0000021,30
nm0000752,30
nm0365661,30
nm0000707,30
nm0000098,30
nm0007831,30
nm0205626,30
nm1297015,30
nm0818055,30
nm0397171,30
nm0502425,30
nm0000234,30
nm2368789,30
nm0306088,30
nm0555404,30
nm0897640,30
nm0002034,30
nm0000531,30
nm0354913,30
nm0316701,30
nm0533045,30
nm0383022,30
nm0757076,30
nm0001055,30
nm0865949,30
nm0903125,30
nm0000267,30
nm0662223,30
nm0000795,30
nm0000023,30
nm1195119,30
nm0600668,30
nm1258797,30
nm6748436,30
nm0488953,30
nm0187724,30
nm0885098,30
nm0001550,30
nm0005476,30
nm0001943,30
nm0000304,30
nm0000194,30
nm0862026,30
nm0349023,30
nm0645683,30
nm0000365,30
nm1195302,30
nm0471811,30
nm0561158,30
nm0950391,30
nm0361823,30
nm0308882,30
nm1813015,30
nm0001416,30
nm0001315,30
nm0914612,30
nm0177707,30
nm0001735,30
nm0248600,30
nm0000260,30
nm2105255,30
nm0449197,30
nm3115704,30
nm0000510,30
nm0000456,30
nm0001521,30
nm0488306,30
nm0527322,27
nm0596520,27
nm0650038,27
nm0651614,27
nm0761744,27
nm0564768,27
nm0476030,27
nm0882588,27
nm0102508,27
nm0117290,27
nm0883603,27
nm0361701,27
nm1133525,27
nm0041447,27
nm0041066,27
nm1038805,27
nm0004423,27
nm0106835,27
nm0442337,27
nm0725220,27
nm0384294,27
nm0910237,27
nm0526917,27
nm0953123,27
nm0270559,27
nm0412588,27
nm0568223,27
nm0622296,27
nm0915226,27
nm0208381,27
nm0441097,27
nm0055431,27
nm0306088,27
nm0252321,27
nm0457715,27
nm0908323,27
nm0876562,27
nm0005573,27
nm0057655,27
nm0744384,27
nm0177707,27
nm0616026,27
nm0678911,27
nm0742341,27
nm0527322,2
nm0651614,2
nm0068501,2
nm0001466,2
nm13222819,2
nm0823330,2
nm0476030,2
nm0526199,2
nm0102508,2
nm0117290,2
nm0462030,2
nm0883603,2
nm0000041,2
nm0006872,2
nm0484123,2
nm0568120,2
nm0188357,2
nm0074788,2
nm8243301,2
nm0199774,2
nm0767894,2
nm6328029,2
nm0442337,2
nm0169260,2
nm2540053,2
nm0080930,2
nm0005849,2
nm0443599,2
nm0073053,2
nm0574625,2
nm0290581,2
nm0868872,2
nm0776914,2
nm0002030,2
nm0087533,2
nm0568223,2
nm0915226,2
nm0762674,2
nm0066055,2
nm0559452,2
nm0217258,2
nm0070822,2
nm0192984,2
nm0441097,2
nm0337676,2
nm0900840,2
nm1238855,2
nm0021948,2
nm0403346,2
nm0287931,2
nm0715346,2
nm0252345,2
nm0252321,2
nm0906307,2
nm0457715,2
nm0322204,2
nm0529543,2
nm0213948,2
nm0398167,2
nm0690597,2
nm0678911,2
nm0520749,2
nm0236405,2
nm0005871,2
nm0596520,8
nm0077720,8
nm0746273,21
nm0768324,21
nm0089658,21
nm1490949,21
nm0926824,21
nm0454752,21
nm10113618,21
nm0753083,21
nm0480440,21
nm0997224,21
nm0073875,21
nm0927270,21
nm0865297,21
nm0922279,21
nm3032965,21
nm0106840,21
nm0680635,21
nm0594271,21
nm0640345,21
nm0121724,21
nm0303922,21
nm0079065,21
nm1103781,21
nm1329482,21
nm0005219,21
nm2443562,21
nm3053338,21
nm0365208,21
nm0005086,21
nm0361683,21
nm0287759,21
nm0271479,21
nm0467255,21
nm0502425,21
nm0424663,21
nm2262509,21
nm0110357,21
nm0353187,21
nm0347384,21
nm0742347,21
nm0531602,21
nm0382268,21
nm0314088,21
nm0004170,19
nm0913300,19
nm0245596,19
nm0594503,19
nm0560329,19
nm0021249,19
nm0917942,19
nm1047603,19
nm1396121,19
nm2130108,19
nm0709056,19
nm0441735,19
nm2010670,19
nm0829681,19
nm0102327,19
nm0058045,19
nm0486127,19
nm0002009,19
nm0033658,19
nm2331222,19
nm0613499,19
nm0524829,19
nm0854991,19
nm0274721,19
nm0215455,19
nm0565068,19
nm2450453,19
nm0250995,19
nm0739661,19
nm0010553,19
nm0374511,19
nm0526456,19
nm0349023,19
nm0738918,19
nm0213450,19
nm0690720,19
nm0909638,10
nm0138287,10
nm1566098,10
nm0188949,10
nm0001416,10
nm0913300,11
nm0245596,11
nm0000631,11
nm0191896,11
nm0917942,11
nm0678202,11
nm2010670,11
nm2325211,11
nm0829681,11
nm1487566,11
nm0102327,11
nm0058045,11
nm0486127,11
nm0033658,11
nm0849222,11
nm0613499,11
nm0524829,11
nm0151519,11
nm1463981,11
nm0120317,11
nm0274721,11
nm0512482,11
nm0010553,11
nm0539990,11
nm0374511,11
nm0526456,11
nm0349023,11
nm0322204,11
nm0747941,11
nm0690720,11
nm0001533,24
nm6353027,24
nm0344963,24
nm0005271,24
nm0761744,5
nm0384294,5
nm0306890,5
nm0867768,5
nm0057655,5
nm0000293,3
nm0594503,3
nm0840699,3
nm0361701,3
nm0560329,3
nm0591450,3
nm0714114,3
nm2130108,3
nm0456158,3
nm0441735,3
nm0594335,3
nm0655053,3
nm3582089,3
nm0406836,3
nm0000416,3
nm0215455,3
nm0565068,3
nm0250995,3
nm0798899,3
nm0191717,3
nm0682066,3
nm1147210,3
nm0738918,3
nm0000453,3
nm0135296,3
nm0213450,3
nm0761498,3
nm0254178,3
nm1285750,3
nm0510936,3
nm0245596,32
nm0119322,32
nm0645777,32
nm1457753,32
nm0742276,32
nm0606640,32
nm0026565,32
nm0910237,32
nm0005696,32
nm3582089,32
nm0599983,32
nm0945499,32
nm0206154,32
nm0374511,32
nm0524796,32
nm1285750,32
nm0325743,26
nm1130251,26
nm0842485,26
nm0936537,26
nm0875477,26
nm0575293,26
nm8243301,26
nm0472567,26
nm4034068,26
nm0121256,26
nm0147599,26
nm0448809,26
nm0073053,26
nm0207401,26
nm2331222,26
nm0501872,26
nm0436164,26
nm0122446,26
nm0854991,26
nm0460795,26
nm0498834,26
nm0792845,26
nm0753276,26
nm0067103,26
nm0204030,26
nm0405190,26
nm0053070,17
nm2325211,17
nm0837386,17
nm2221807,17
nm0138287,34
nm0305087,34
nm1566098,34
nm0748784,34
nm0188949,34
nm0908323,34
nm0191896,7
nm0917942,7
nm0678202,7
nm0755868,7
nm1487566,7
nm0102327,7
nm0058045,7
nm0486127,7
nm0033658,7
nm0849222,7
nm0613499,7
nm0524829,7
nm0151519,7
nm0120317,7
nm0512482,7
nm0250995,7
nm0010553,7
nm0539990,7
nm0526456,7
nm0322204,7
nm0747941,7
nm0690720,7
nm0793881,7
nm0122079,9
nm0007156,29
nm0943978,18
nm0488917,18
nm0005458,18
nm0821432,18
nm0000979,18
nm0475823,12
nm1487566,12
nm2325211,16
nm0151519,16
nm0274721,16
nm0849100,13
nm0851582,13
nm0477810,13
nm0000012,13
nm0001571,14
